"";"NomS";"SGIo";"RANGE_BIRDLIFE";"Affinity";"Hand-Wing.Index";"Mass";"Migration";"Centroid.Latitude";"Habitat";"Trophic.Niche";"missp.hwi.thuiller";"X2019_uicn_redlist";"syn1";"syn2";"syn3";"syn4";"duration_song";"centroid_f";"LFC_spectral_cover";"MFC_spectral_cover";"HFC_spectral_cover";"Hf_spectral_entropy";"number_of_freq_peaks";"peak_freq";"syllable_duration_mean";"sound_per_vocalization_ratio";"nonphy.acou.PC1";"nonphy.acou.PC2";"phy.acou.PC1";"phy.acou.PC2"
"1";"Acanthis flammea";1,385563547;9,84;353;33,1;13;2;64,52;"Forest";"Granivore";NA;"LC";NA;NA;NA;NA;4,4;3875,9766;0,3797;0,3407;0,368;0,6133;19,6;3691,418;0,062;0,3751;0,546572027949123;-0,979294031567442;-0,617741813389215;-0,503254341523154
"2";"Acrocephalus arundinaceus";1,120566905;32,594;591;28,6;30;3;49,39;"Wetland";"Invertivore";NA;"LC";-0,109168121397195;0,0147456166615889;-0,0442206868080905;-0,0307181582297001;11,5;3359,1797;0,451;0,3787;0,404;0,6036;31,5;3327,5469;0,0539;0,3022;1,50713987682124;-2,28908470466143;-1,74389988978593;-1,01580368293974
"3";"Acrocephalus palustris";0,924164456;18,993;884;27,9;11,5;3;51,96;"Shrubland";"Invertivore";NA;"LC";0,105667033857509;0,0658107711301443;0,179924263880857;0,159925222742831;2,2143;4029,7852;0,38;0,3349;0,3622;0,626;31,9286;4331,7598;0,0532;0,3022;1,06116345275237;0,0976930203237299;-1,09241803069869;0,416633685578915
"4";"Acrocephalus schoenobaenus";0,551721256;36,434;700;28,2;11,83;3;56,04;"Wetland";"Invertivore";NA;"LC";0,165531018046326;0,087517101012649;0,257157804280087;0,196739010602476;11,3333;4478,9062;0,4118;0,3676;0,3541;0,724;30;4372,0182;0,0546;0,362;2,2970205837204;-0,728918001319363;-2,33871402521787;0,147862202829969
"5";"Acrocephalus scirpaceus";0,56338496;52,135;818;24,3;12,3;3;25,94;"Wetland";"Invertivore";NA;"LC";0,175048544808328;0,222923509047751;0,307086789719867;0,291623005819712;33;3402,2461;0,4103;0,3365;0,3801;0,6361;22;3326,0469;0,0565;0,3272;1,39222849419183;-2,30765351837007;-1,52212129941898;-1,25216272520083
"6";"Aegithalos caudatus";2,03115891;63,471;980;22;8,6;1;52,48;"Forest";"Invertivore";NA;"LC";-0,0468742131386054;-0,024752895743481;-0,0677377717356776;-0,0631082247261411;3,25;6325,3784;0,3972;0,2907;0,3601;0,5594;25,625;6699,6431;0,0605;0,2926;2,14665574585941;0,823239209450278;-2,21956129659077;0,771506987208524
"7";"Alauda arvensis";1,448002005;58,684;1213;33,6;37,31;2;53,41;"Grassland";"Omnivore";NA;"LC";0,108482617512964;-0,106206424589521;0,207301595414905;0,139908618666482;4,43839179104478;4177,4414;0,3784;0,3552;0,3661;0,6304;16;4016,1094;0,0587;0,4474;1,03424986459792;-1,26254037900288;-1,08856934099658;-0,924247213515554
"8";"Alcedo atthis";0,592095694;61,984;446;26,9;31,09;1;39,55;"Riverine";"Aquatic predator";NA;"LC";0,104211932249973;0,147537453556088;0,227456116124308;0,179663128670276;0,4444;5751,7578;0,2707;0,2157;0,3233;0,4925;32,1111;5417,3898;0,0629;0,1935;-0,504980135565107;3,44761796680658;0,651716629971522;2,4859320516429
"9";"Anthus campestris";0,763454903;14,358;234;28,5;23;3;45,89;"Grassland";"Invertivore";NA;"LC";-0,105203852293095;-0,250921869709034;-0,343867104667791;-0,223202283970716;0,8824;4248,3743;0,3592;0,3242;0,3548;0,5526;19,2353;4320,9506;0,0466;0,1987;0,229676248846993;0,0680647303655686;-0,391846786189261;-0,753840301942841
"10";"Anthus pratensis";1,389773648;33,171;516;24,3;18,4;2;59,47;"Grassland";"Invertivore";NA;"NT";0,186814603679495;-0,0745453461620241;0,325900261163229;0,240918569068177;9;4722,9492;0,4286;0,3688;0,4265;0,5216;8;4549,9505;0,0431;0,3534;1,77222698149428;-3,08418402677141;-2,11297665022284;-3,36608776958366
"11";"Anthus spinoletta";0,430947025;7,915;299;23,4;23,9;3;45,38;"Grassland";"Invertivore";NA;"LC";-0,296714251177513;-0,391972821380542;-0,459483203867679;-0,460405320667142;5,5714;4700,3906;0,3746;0,3368;0,3429;0,6216;10,5714;4307,7171;0,0664;0,4181;0,793613458934011;-0,811228640629483;-0,858225508781298;-0,596435720524189
"12";"Anthus trivialis";1,892360153;59,461;790;29,3;23,33;3;56,07;"Woodland";"Invertivore";NA;"LC";-0,125990321881649;-0,283477153163212;-0,186236381825596;-0,184138288574956;7;4450,1953;0,3988;0,3599;0,3961;0,6547;12;4148,3308;0,0627;0,401;1,39240312000117;-2,05444023412832;-1,54779095145668;-1,51624286622303
"13";"Apus apus";0,95033258;63,478;312;71,6;37,6;3;48,52;"Human Modified";"Invertivore";NA;"LC";0,078673525726789;0,128382335515998;0,102854001906938;0,106568200054564;6;5124,9024;0,3433;0,2906;0,3007;0,5946;27;5288,7682;0,0571;0,391;1,04255766709374;1,62064793853129;-0,8989843522569;1,42759449868739
"14";"Apus pallidus";NA;NA;132;72,3;41,9;3;30,92;"Rock";"Invertivore";NA;"LC";NA;NA;NA;NA;3;4629,6387;0,3384;0,3154;0,2983;0,5952;32,5;4840,3877;0,0602;0,3731;0,68393479787528;1,61916153731783;-0,583686275578373;1,75582142482886
"15";"Calandrella brachydactyla";0,605275396;2,816;132;34,5;21,06;2;42,62;"Grassland";"Omnivore";NA;"LC";NA;NA;NA;NA;1,375;3859,8267;0,3495;0,3373;0,3613;0,6004;18,75;4070,4507;0,0541;0,4954;0,654448543240513;-0,646733381439912;-0,597275487223544;-0,614652216992175
"16";"Caprimulgus europaeus";1,556331464;41,681;409;53,4;67;3;47,43;"Shrubland";"Invertivore";NA;"LC";-0,812296647791472;-0,260776508399623;-0,873380391888896;-0,805003630347851;17;1937,9883;0,2737;0,2539;0,2705;0,5067;11;2115,1875;0,0511;0,5019;-2,14492661634555;0,686137981411311;2,45901307638845;-0,113571927731385
"17";"Carduelis carduelis";1,895598764;63,297;983;33,4;16;1;50,13;"Woodland";"Granivore";NA;"LC";0,0537070365305437;-6,33523609650528e-05;0,0912393960780608;0,068604745484214;3,4444;3828,125;0,3465;0,3293;0,3438;0,6344;27,8889;3413,75;0,0491;0,3094;0,375885895067727;0,320066997327912;-0,343932707241649;0,193448188484569
"18";"Carduelis citrinella";NA;NA;74;30,3;12;1;45,36;"Forest";"Granivore";NA;"LC";-0,608216343914352;-0,757569572911531;-1,22506097997871;-0,932848752408027;23,5;4005,1758;0,3904;0,3127;0,3623;0,6327;25,5;4310,0742;0,047;0,3286;1,65536393498745;-0,808125188499835;-1,66163555292626;-0,524139664263059
"19";"Cecropis daurica";NA;NA;220;53,2;22,2;3;29,46;"Grassland";"Invertivore";NA;"LC";NA;NA;NA;NA;1,75;3552,9785;0,3276;0,3379;0,3578;0,5796;27,75;3681,6279;0,0582;0,4606;0,146157669107872;-0,137520224234144;-0,0821916002577645;0,197592158305931
"20";"Certhia brachydactyla";2,046583299;63,061;609;17,7;8,2;1;44,73;"Forest";"Invertivore";NA;"LC";-0,029296838744377;-0,0293222368076404;-0,0440056424908772;-0,0423971426783878;1;5630,9326;0,3542;0,2939;0,2983;0,5836;30,5;5210,4688;0,0697;0,6092;1,38063403644639;1,56240548365867;-1,09019588933921;2,2696835836818
"21";"Certhia familiaris";0,962277724;17,256;667;19,2;9;1;51,19;"Forest";"Invertivore";NA;"LC";-0,498228346449647;-0,44650315285784;-0,877957566073967;-0,718714871561848;3;5928,8086;0,3474;0,2828;0,2869;0,6148;28,6667;6411,8281;0,0549;0,396;1,78412767150694;2,40778997175633;-1,59566733861604;1,97994704293545
"22";"Cettia cetti";1,00725906;41,519;823;14,3;13,22;1;41,65;"Shrubland";"Invertivore";NA;"LC";0,196757440972126;0,188805931075773;0,341586713828148;0,283005822015158;2,3333;4033,8867;0,4092;0,3509;0,3856;0,642;29,6667;4006,1094;0,0531;0,3414;1,45788352979681;-0,870674452174998;-1,52768133977996;-0,238917519759834
"23";"Chloris chloris";1,878979328;63,118;1103;32,5;26;1;50,67;"Woodland";"Granivore";NA;"LC";0,0834975164252628;0,0767085417830942;0,129063035005759;0,11084165561439;1,9;3479,7656;0,316;0,2712;0,3086;0,5356;25;3428,2195;0,0394;0,3694;-0,546953389621337;1,48061323822614;0,767883780226037;0,444789157326653
"24";"Cinclus cinclus";0,472182554;27,831;154;27,6;61,47;1;47,26;"Riverine";"Aquatic predator";NA;"LC";-0,0216805794342197;0,0288924006463358;-0,368933799614335;-0,182399766522761;6,75;4091,3086;0,4175;0,3212;0,3934;0,6362;22;3988,8428;0,0597;0,2985;1,15951253196283;-1,15333766547361;-1,25470173711633;-0,535957936295366
"25";"Cisticola juncidis";0,681202144;9,702;471;13,5;6,81;3;10,73;"Grassland";"Invertivore";NA;"LC";0,0980128016805213;0,0129271177946298;0,156569844563137;0,118992330639937;14;6933,6914;0,285;0,2286;0,272;0,6065;14;7193,0234;0,0527;0,2145;1,24594290382179;3,25070684927766;-1,11760888917806;1,41027857436911
"26";"Clamator glandarius";1,329361851;3,144;83;41,9;143;3;1,44;"Shrubland";"Invertivore";NA;"LC";0,00122220289967104;0,156325485911633;-0,0730682959352468;0,0473492972223952;1,2727;2740,5895;0,2631;0,233;0,2437;0,5823;34,3636;2759,0018;0,0667;0,26;-2,35126615741156;3,73205135545427;2,69913970754292;3,42384825666984
"27";"Coccothraustes coccothraustes";1,253586113;48,092;665;32,9;56,63;2;51,17;"Forest";"Omnivore";NA;"LC";-0,226892470094871;-0,229974147138932;-0,315702266603421;-0,292663294203484;0;5245,4883;0,3329;0,2492;0,3313;0,3069;33,4;5218,3688;0,0555;0,1323;-0,802192252270042;2,21972101358697;0,66467622609295;1,29166691408915
"28";"Columba livia";0,46243964;51,507;131;45,1;354,2;1;33,52;"Human Modified";"Granivore";NA;"LC";0,295321104133614;0,357377610535693;0,455387900284102;0,424209377875451;1;409,1309;0,1976;0,255;0,2652;0,2708;2;428,0977;0,0479;0,4448;-5,56172862844511;0,763592952346352;5,72822206759051;-1,28688556971501
"29";"Columba oenas";1,824887471;44,852;119;42,5;290,79;1;50,84;"Woodland";"Omnivore";NA;"LC";0,0716446702291348;0,116526899174746;0,0581425960983638;0,0778650574535664;0,8889;378,0274;0,2412;0,3326;0,3475;0,1984;2,3333;387,8645;0,0641;0,252;-5,63698054718503;-1,66301104807092;5,26457560634278;-2,74632881287161
"30";"Columba palumbus";2,191999283;63,402;352;41,2;490;1;50,34;"Woodland";"Omnivore";NA;"LC";0,00552599779858644;0,00536027250074037;0,0112117005513904;0,00714994113941319;5,5;473,7305;0,338;0,3909;0,3942;0,2976;1;496,1973;0,057;0,3322;-3,51365128298236;-3,98947381970307;3,03400363383831;-4,21859540005487
"31";"Coracias garrulus";1,558092781;2,581;70;37,5;146;3;43,92;"Woodland";"Invertivore";NA;"LC";0,0132342256471027;0,360751015008318;-0,0308617359026848;0,0548664375140906;2;2294,8242;0,3465;0,2965;0,341;0,5505;30,2143;2264,8627;0,0546;0,272;-1,26817613201105;0,433190204509632;1,32793698035799;0,548672951019982
"32";"Corvus corax";1,23421912;20,352;1135;39,8;927,97;2;54,65;"Forest";"Omnivore";NA;"LC";-0,379271502894428;-0,483519617835432;-0,829850319538387;-0,657209576317342;0,4483;1651,3739;0,3135;0,2493;0,2976;0,4849;34;1327,9808;0,0824;0,1731;-3,50619700375702;1,88189632740651;3,59478140395135;2,62259260346171
"33";"Corvus corone";2,180495842;63,478;954;36,9;570;1;52,96;"Human Modified";"Omnivore";NA;"LC";0,0167139491469246;0,0105036358561934;0,0310149123627536;0,0232191810475238;3,4;1929,375;0,3597;0,2574;0,33;0,5673;27,6;1801,9227;0,0551;0,3832;-1,37799942720714;0,552481089516254;1,64100864643455;0,829975502000716
"34";"Corvus frugilegus";1,377710806;36,153;386;41;452,1;1;50,24;"Grassland";"Omnivore";NA;"LC";0,247788782087806;0,177356721030673;0,453010195006165;0,367151207889694;1;1714,0429;0,2673;0,2369;0,2828;0,5325;26,8;1398,2852;0,0674;0,3847;-3,12246996955968;2,09798367336032;3,4804754282569;2,04101305729236
"35";"Corvus monedula";1,801350086;58,241;395;39,1;246;2;48,54;"Human Modified";"Omnivore";NA;"LC";0,160066797566363;0,106015269700075;0,290651633999597;0,23768103306864;0,4444;1952,3437;0,2531;0,2698;0,278;0,5026;31,1111;1894,4184;0,0559;0,2328;-2,99294523798043;2,40959697355612;3,16699869255436;1,6999020192424
"36";"Cuculus canorus";2,188828206;63,478;688;43,9;111,36;3;49,44;"Forest";"Invertivore";NA;"LC";-0,0866431418086104;-0,168842865359879;-0,125944056858541;-0,131291121954926;1;628,7695;0,348;0,4203;0,4304;0,2728;1,6;627,9031;0,0799;0,2095;-4,0144454100936;-4,67483743918221;3,2621934083076;-4,07871772254057
"37";"Curruca cantillans";0,873396724;8,567;288;22,3;9,6;3;38,35;"Shrubland";"Invertivore";"Curruca cantillans";"LC";-0,452896523342203;-0,45627979858943;-0,912797977888664;-0,645478415081835;3,2;4160,2148;0,3895;0,3797;0,3626;0,6567;27;3865,0969;0,046;0,4178;1,65497810862797;-0,956384263056415;-1,69966591883823;-0,644557067128927
"38";"Curruca communis";1,962450514;61,31;1863;24,2;15,1;3;50,84;"Shrubland";"Invertivore";"Curruca communis";"LC";0,0898941762435614;-0,0661018788211051;0,162520005390483;0,11380185081066;5,4;3428,0859;0,3425;0,3243;0,326;0,6054;31;3182,8476;0,0551;0,4845;0,248937231759265;0,331644630812258;-0,0681012606649078;0,797646905455408
"39";"Curruca conspicillata";1,416144754;3,05;127;19,4;9;3;35,25;"Shrubland";"Invertivore";"Curruca conspicillata";"LC";NA;NA;NA;NA;2,2;4203,2812;0,337;0,3432;0,3303;0,6187;26,8;3803,8039;0,0534;0,4504;0,658266949949065;0,288922748748058;-0,569681769289756;0,368210125174052
"40";"Curruca curruca";1,938387772;28,673;1143;22;11,44;3;51,94;"Shrubland";"Invertivore";"Curruca curruca";"LC";0,027475830753478;-0,0795268248980369;0,0043766042518055;0,0347332052354506;2,6;3901,8164;0,3599;0,3567;0,3549;0,6128;23,6;4001,8961;0,0429;0,4028;1,0081510125976;-0,510579801971462;-1,02197499774506;-0,765406947768589
"41";"Curruca hortensis";1,023182393;9,253;105;23,2;21,9;3;37,79;"Woodland";"Invertivore";"Curruca hortensis";"LC";-0,233821110009757;-0,196658618899598;-0,404320999176601;-0,298806922556983;2;2644,2774;0,3565;0,2984;0,3407;0,494;21;2577,518;0,0587;0,3844;-1,20796977266495;-0,249090535100389;1,24735689883746;-0,140771706196565
"42";"Curruca melanocephala";1,01051803;8,282;706;18;11,7;2;37,82;"Shrubland";"Invertivore";"Curruca melanocephala";"LC";-0,259467218999895;0,137607502728027;-0,457673423456849;-0,289625980766069;1,5;4360,4736;0,3739;0,3228;0,336;0,5263;25,75;4407,2236;0,0398;0,4842;1,11755751268714;0,118373143746452;-1,02121524812882;-0,273776233629932
"43";"Curruca undata";0,446115067;19,102;209;14,1;10,8;1;40,86;"Shrubland";"Invertivore";"Curruca undata";"NT";-0,611809378212488;-0,471947710089973;-1,13226415491164;-0,911558326661732;2,25;3929,8096;0,3372;0,3364;0,3266;0,5984;22;4015,6426;0,0465;0,4388;0,539516876343141;0,206627655240093;-0,461440909737553;-0,200578585618187
"44";"Cyanistes caeruleus";2,219532707;62,709;2513;21;11,1;1;50,72;"Forest";"Invertivore";NA;"LC";0,00598342195074278;0,00517659555351211;0,00340386403398051;0,00294207673158334;2,3333;5124,9024;0,374;0,2921;0,3361;0,4834;19,8333;5017,8366;0,0581;0,4599;0,776937517229338;0,321362818104701;-0,731853967823089;0,182637547040937
"45";"Delichon urbicum";1,239561771;63,547;354;54,3;14,5;3;51,81;"Human Modified";"Invertivore";NA;"LC";0,126380702960118;0,097593423732838;0,161829699661177;0,154929923868669;9;3940,5761;0,3675;0,3491;0,3574;0,6602;17,5;4030,6426;0,0499;0,3893;1,13497592740138;-0,94588708669058;-1,16538150093446;-0,976141536081137
"46";"Dendrocopos major";2,048042815;62,518;1359;29,3;74,94;1;51,97;"Woodland";"Omnivore";NA;"LC";-0,051535723674009;-0,0965927798932141;-0,0828392920365759;-0,082629008211629;0,6316;2162,3869;0,26;0,2987;0,3199;0,5043;25,5263;2024,367;0,0411;0,2532;-2,27356372239827;1,1699025419922;2,35383512491906;-0,0548236806620787
"47";"Dryobates minor";1,971588121;59,168;439;27,4;19,8;1;54,79;"Forest";"Invertivore";NA;"LC";-0,100712282050459;-0,0688099915480353;-0,127480919830433;-0,115988480846102;1,625;1911,0718;0,3117;0,292;0,3181;0,4566;21,25;1715,9566;0,0384;0,4502;-1,86252106633204;0,209750169795616;2,04913281433522;-0,628096948255775
"48";"Dryocopus martius";1,59074522;38,176;810;26,4;321;1;56,28;"Forest";"Invertivore";NA;"LC";-0,291582204298302;-0,328393267160433;-0,494431274144119;-0,441183619512988;3,5;1686,7676;0,333;0,2562;0,3274;0,4028;17,8333;1646,9903;0,0502;0,4294;-2,43613164268802;-0,00577821352082127;2,60278036939736;-0,469242372171818
"49";"Emberiza calandra";1,438421671;37,459;1739;26,5;48,5;2;44,09;"Grassland";"Omnivore";NA;"LC";0,145720093590525;-0,119182473459528;0,261371503543141;0,189161668566827;2,75;5749,3652;0,4222;0,3654;0,4058;0,6505;20,5;5221,4688;0,0454;0,4127;2,94018997393882;-1,51274433882119;-3,06331720703402;-1,41292745573049
"50";"Emberiza cia";1,380172096;17,418;199;19,6;23,43;2;39,73;"Rock";"Omnivore";NA;"LC";-0,182539782767468;-0,597033250664309;-0,846347689388262;-0,606221091581986;2,6667;4507,6172;0,3956;0,3306;0,3631;0,6334;30;4847,7266;0,0486;0,3704;1,78065600582811;-0,0100579475341658;-1,75936343708929;0,202261435122364
"51";"Emberiza cirlus";1,918035396;56,93;475;20,2;25,6;2;41,65;"Shrubland";"Granivore";NA;"LC";0,0348352645128688;-0,10930839727096;0,0401072836273089;0,0229363885991171;2;4220,5078;0,3457;0,3032;0,3381;0,5033;23,2;4164,7617;0,0493;0,45;0,265502295829522;0,341337039226246;-0,177158203930199;-0,0314366362337646
"52";"Emberiza citrinella";1,929803677;57,629;2037;25,7;29,7;2;56,2;"Shrubland";"Granivore";NA;"LC";-0,0218698485022692;-0,207879347076031;-0,0115396154604138;-0,0511678317236878;2,75;4877,2705;0,3417;0,3059;0,3226;0,5932;22,5;4747,7715;0,048;0,4587;1,05507487315779;0,833002220395202;-0,900659877648598;0,339886178118732
"53";"Emberiza hortulana";1,352232956;16,748;617;28,8;19,9;3;52,13;"Shrubland";"Omnivore";NA;"LC";0,0187935858123129;-0,162540158653153;-0,166576686904389;-0,0359411053096057;1,7273;3832,9102;0,3617;0,3329;0,3692;0,4579;22,2727;3694,8082;0,0544;0,3635;-0,171672309174685;-0,746915410881212;0,0390542864944669;-0,810156176841841
"54";"Emberiza schoeniclus";0,21639376;48,711;820;21,1;18,4;2;55,24;"Wetland";"Omnivore";NA;"LC";0,129842160808075;0,041133687837695;0,334226650069867;0,194683723085833;2;4112,8418;0,4167;0,3591;0,3766;0,579;22,75;3699,1279;0,0681;0,3312;0,692475364675881;-1,36295122189703;-0,895057788506357;-0,405197953117487
"55";"Erithacus rubecula";2,130974695;63,474;2752;19,9;17,7;3;53,82;"Forest";"Omnivore";NA;"LC";-0,0246152035547487;-0,025005320096894;-0,0351142538344903;-0,0326499998246878;3;4145,1416;0,3674;0,335;0,3615;0,5906;21,25;4314,5908;0,0496;0,4021;0,936919127893077;-0,487731146107885;-0,950615411131926;-0,614342970839004
"56";"Ficedula albicollis";NA;NA;243;31,9;12,69;3;50,03;"Woodland";"Invertivore";NA;"LC";NA;NA;NA;NA;4;3886,7432;0,3973;0,3171;0,359;0,567;27;3518,6123;0,0529;0,2772;0,439833422415169;-0,253154288109793;-0,502612917847017;-0,0558650657338893
"57";"Ficedula hypoleuca";1,958992767;11,723;553;30,4;13,79;3;57,07;"Forest";"Invertivore";NA;"LC";-0,124507427654868;-0,00675431507603309;-0,232248512363101;-0,16945715815366;2;3962,1094;0,3823;0,3676;0,3712;0,6241;29;4122,482;0,0601;0,403;1,13957404322063;-0,80861323460373;-1,21450945116595;-0,0143604316258153
"58";"Fringilla coelebs";2,260495422;63,458;3586;27,6;23,81;2;52,79;"Forest";"Invertivore";NA;"LC";-0,00854505508822053;-0,0194991879539747;-0,0133905023430833;-0,0141637655019235;2;3334,5703;0,3709;0,3416;0,3671;0,5785;25;3190,8477;0,0631;0,4377;0,105069933342977;-0,883118624139515;-0,11284681363622;-0,126673833404474
"59";"Fringilla montifringilla";NA;NA;431;32,5;23,19;3;60,69;"Forest";"Omnivore";NA;"LC";-0,333245695051421;-0,392684443931091;-0,420296261846456;-0,466125519769251;1;3479,7657;0,3148;0,2731;0,3251;0,4676;25;3582,0586;0,1045;0,2818;-2,3078086747914;1,08862644303602;2,2433258493325;2,38392025188102
"60";"Galerida cristata";1,094907977;31,468;310;26,7;42,68;1;34,48;"Grassland";"Omnivore";NA;"LC";0,181936645331005;0,0653871842419272;0,262657417535886;0,25842922830839;9,75;3843,6768;0,4039;0,3172;0,3837;0,5692;19,25;4049,6924;0,0564;0,3252;0,788028069075563;-1,25102894123751;-0,89697201982619;-0,927587969163553
"61";"Garrulus glandarius";2,113140072;63,462;1082;19,4;159,46;2;51,02;"Forest";"Omnivore";NA;"LC";-0,0426762887144155;-0,0580194129212066;-0,0583736020518028;-0,0603021287317867;1;2902,6758;0,3055;0,3001;0,3086;0,6666;33;2840,9031;0,0551;0,3361;-0,661719531221439;1,62215864985097;0,895002134418515;1,62003634292896
"62";"Hippolais icterina";1,454428285;11,357;681;30,8;13,2;3;54,61;"Woodland";"Invertivore";NA;"LC";0,183224083153903;0,099594347487687;0,539176045252527;0,360513844069975;13,75;4898,8037;0,3825;0,3704;0,377;0,73;37,25;4216,958;0,0562;0,3622;2,43951069267388;-0,60149896814122;-2,46501585442621;0,49416780535483
"63";"Hippolais polyglotta";2,056050894;61,935;374;21,2;11;3;41,86;"Woodland";"Invertivore";NA;"LC";0,0551923518533271;-0,0549130103581874;0,127337856844697;0,0810693616316288;3,25;3700,1221;0,3638;0,3238;0,3399;0,599;30,0833;3775,333;0,0516;0,3661;0,520430562721268;0,310294477172823;-0,460952489351193;0,477569067927614
"64";"Hirundo rustica";1,642301646;63,126;1062;52,6;17,91;3;47,56;"Human Modified";"Invertivore";NA;"LC";0,0585081698298036;-0,0256312743890641;0,102830398116262;0,0749568899723892;7;4249,2188;0,3849;0,3642;0,3772;0,6597;14,6667;4209,086;0,0492;0,3442;1,40951258452281;-1,48077188495282;-1,55307836107878;-1,57747811579402
"65";"Jynx torquilla";2,085058153;42,803;304;27,1;34,96;3;53,28;"Woodland";"Invertivore";NA;"LC";-0,1513292869946;-0,291102531336799;-0,341884083876316;-0,260573917027177;4;3258,6914;0,3585;0,3399;0,3551;0,5039;22;3213,8919;0,0559;0,3128;-0,499938698077789;-0,712593762607375;0,357638864091834;-0,685134084687307
"66";"Lanius collurio";1,636368013;49,187;305;31;28,44;3;52,82;"Woodland";"Invertivore";NA;"LC";-0,00798949599173874;-0,256529047410848;-0,0450126473907813;-0,0557310339782645;1,4545;3081,2056;0,3582;0,2837;0,3462;0,56;26,6364;2849,8679;0,0525;0,3573;-0,527109803552319;0,386955936100208;0,662041616468114;0,383458073796908
"67";"Lanius excubitor";1,689923452;26,785;223;26,3;63,41;3;40,81;"Shrubland";"Vertivore";NA;"LC";-0,0638077887716363;-0,576553433535143;0,0526514730528178;-0,12224322664685;1,0526;2599,8509;0,3785;0,3035;0,3665;0,4011;26,4737;2675,5841;0,0548;0,24;-1,40622968432398;-0,499089370852501;1,25084652717542;-0,476598159727663
"68";"Lanius meridionalis";1,131397248;2,358;62;23,8;60,43;2;40,37;"Shrubland";"Invertivore";NA;"VU";NA;NA;NA;NA;0,9444;2564,8437;0,3696;0,2873;0,3479;0,3914;26,9444;2644,0658;0,0534;0,257;-1,61066574072595;0,033850790014328;1,53112825450324;-0,110017647602883
"69";"Lanius senator";1,300480859;23,943;116;31,4;35,97;3;38,9;"Shrubland";"Invertivore";NA;"LC";0,055134972495064;-0,0597544910136247;0,160917220968824;0,155662253130955;16,5;3703,7109;0,3981;0,3567;0,3916;0,6723;33;3398,1465;0,0557;0,3608;1,59810457423669;-1,45891911994301;-1,65275113244808;-0,276636790258861
"70";"Leiopicus medius";0,85683725;37,436;NA;28,1;59;1;47,76;"Woodland";"Invertivore";NA;"LC";-0,418033647564529;-0,303283368390513;-0,701042313266515;-0,595033676798386;3,1;2803,6231;0,3086;0,2681;0,2842;0,5764;32,1;2819,7832;0,0579;0,357;-1,26061219225245;2,05127084312653;1,53513789461323;1,98921401736054
"71";"Linaria cannabina";1,943559898;63,477;743;34,4;19,53;1;49,19;"Shrubland";"Granivore";NA;"LC";0,0956826305305766;-0,0649675234925586;0,145101860087702;0,10162016987572;14;3703,7109;0,3654;0,3275;0,3458;0,6899;32;3208,9141;0,0613;0,4293;0,977716945161877;-0,220164022571331;-0,841909824399544;0,836157419792121
"72";"Locustella luscinioides";0,716514722;17,49;273;30,1;13,89;3;47,96;"Wetland";"Invertivore";NA;"LC";NA;NA;NA;NA;10,3333;4091,3086;0,337;0,2618;0,3016;0,6077;23,3333;4008,1094;0,0443;0,417;0,4642336110727;1,35997764716743;-0,178995322354829;0,739934405046718
"73";"Locustella naevia";1,726491186;46,005;494;25,4;13,3;3;52,97;"Shrubland";"Invertivore";NA;"LC";-0,119965005184866;-0,118087869847669;-0,186410038940925;-0,182283430593914;4,43839179104478;6115,4297;0,356;0,2831;0,3355;0,5023;11;5971,1641;0,051;0,4899;1,45844478115639;0,404939514220869;-1,39058139370931;-0,494396778844798
"74";"Lophophanes cristatus";1,23198109;56,583;516;19,8;11,04;1;54,5;"Woodland";"Invertivore";NA;"LC";-0,327545080675628;-0,247850764549327;-0,62372238968965;-0,511519493063548;1,8333;4608,1055;0,3722;0,3263;0,3529;0,5568;20,1667;4496,0397;0,0445;0,4514;1,1631842503693;-0,302195393366961;-1,1313908243133;-0,702609534081706
"75";"Loxia curvirostra";0,964233495;15,776;2358;37,6;38,29;2;52,38;"Forest";"Granivore";NA;"LC";-0,551855950400286;-0,690992231722683;-1,08936854731051;-0,915161439102264;0,2;4043,9356;0,386;0,3756;0,3922;0,5492;33,6;4276,7277;0,0541;0,1442;0,690041129680761;-0,657645253462943;-1,03080167148631;-0,378379456478571
"76";"Lullula arborea";1,763946827;48,624;491;27,7;26,9;2;47,75;"Woodland";"Omnivore";NA;"LC";-0,093951244953185;-0,360109518863302;-0,151464819417861;-0,163084700579059;3,8;3548,6719;0,397;0,3504;0,3698;0,5192;8,6;3672,4047;0,0555;0,3859;0,151103907753056;-1,93413463988076;-0,350617975388112;-1,99457851866363
"77";"Luscinia megarhynchos";2,065244378;60,365;1230;27,6;19,6;3;43;"Woodland";"Invertivore";NA;"LC";0,0519660569336118;-0,037555639136066;0,0846430186414054;0,0620243243606207;3,4;2988,8086;0,3893;0,3239;0,3619;0,5246;21,6;2971,7156;0,0603;0,3841;-0,343079365634466;-1,0121130209095;0,290554074414012;-0,495596720563765
"78";"Luscinia svecica";1,003199206;4,695;631;21,3;17,23;3;58,14;"Grassland";"Invertivore";"Luscinia svecica";"LC";0,248507063853141;-0,0638891874817966;0,400448452758178;0,28178480284309;7,75;4026,709;0,4182;0,3084;0,344;0,553;25;4021,3926;0,0545;0,3744;0,914875278421556;-0,381914801526054;-0,914450106115518;0,0369278865458458
"79";"Melanocorypha calandra";NA;NA;146;37,2;61,6;2;41,54;"Grassland";"Omnivore";NA;"LC";NA;NA;NA;NA;34;3789,8438;0,3998;0,335;0,3794;0,6431;11;3667,5781;0,0519;0,3937;1,63371143720352;-2,69699606338134;-1,74446171969339;-2,1879872229617
"80";"Merops apiaster";1,246584778;10,01;331;45,5;56,6;3;40,17;"Woodland";"Invertivore";NA;"LC";-0,107257008641454;-0,107763274174858;-0,112295425996602;-0,113013363078542;3,375;1970,2881;0,3647;0,2809;0,3327;0,4356;26,375;1943,3135;0,056;0,297;-1,94028499636924;0,0698607810245492;1,95892810015642;0,166018254551276
"81";"Monticola saxatilis";1,084060813;9,017;61;36,2;50,3;3;42,87;"Rock";"Invertivore";NA;"LC";NA;NA;NA;NA;6,2;3229,9805;0,38;0,3074;0,3496;0,5873;25,6;3192,4742;0,0567;0,3963;0,141749637244242;-0,308279051997284;-0,0633040091727855;0,158021501547092
"82";"Monticola solitarius";0,345096843;5,081;162;29,5;53,65;2;33,99;"Rock";"Omnivore";NA;"LC";NA;NA;NA;NA;4,3333;3086,4258;0,348;0,3002;0,3178;0,5303;29,3333;2900,2383;0,0561;0,3966;-0,633859779221699;0,595151297010113;0,758155989667268;0,807562328992368
"83";"Motacilla alba";1,880499815;63,218;827;31,4;23,93;3;52,86;"Human Modified";"Invertivore";NA;"LC";0,0407885744441919;-0,0457119936404974;0,070271136916725;0,0524469465064972;2;4258,1909;0,3304;0,3133;0,3451;0,6071;17,875;4464,9483;0,0592;0,1268;-0,229332787953334;0,644203084755851;0,0632965700566281;-0,0299963215224336
"84";"Motacilla cinerea";1,006012688;53,907;450;34,6;17,15;2;52,19;"Riverine";"Invertivore";NA;"LC";-0,0182317122172258;0,0412449106839512;-0,0425146787135906;-0,0165775296404874;1,6;5969,0039;0,3807;0,3171;0,359;0,5946;12,6;6147,2164;0,0537;0,3223;1,84338629778108;-0,00101903205631473;-1,95777669809012;-0,668650025629944
"85";"Motacilla flava";0,893757747;41,425;980;31,1;17,68;3;53,37;"Grassland";"Invertivore";NA;"LC";0,256834808853894;-0,0020964878849938;0,402664258528146;0,311347942950072;0,7778;5148,8281;0,3608;0,3187;0,3345;0,613;21,5556;4897,1558;0,0521;0,1832;0,821022015214963;0,865800984091702;-0,936169900699199;0,187418872525244
"86";"Muscicapa striata";1,98550412;61,492;432;30,2;15,9;3;50,39;"Forest";"Invertivore";NA;"LC";-0,0828507895164032;-0,0740333080363404;-0,0567068219939935;-0,0876941150091061;8,6667;7249,5117;0,3142;0,2567;0,2597;0,6927;33;7020,7578;0,0508;0,2759;2,37867512436336;3,99422213511424;-2,11807051736686;3,02233208216005
"87";"Nucifraga caryocatactes";1,164183044;5,053;212;24,4;182,51;2;57,8;"Forest";"Granivore";NA;"LC";-0,535085983032351;-0,705274921388359;-1,29821290192038;-0,829197396967044;2,25;2530,1514;0,3815;0,3695;0,3988;0,5751;18;2111,9375;0,0999;0,4105;-1,23216823909336;-2,49139535176874;1,00116579970365;-0,21685858739311
"88";"Oenanthe hispanica";1,5812317;5,096;90;26,4;15,04;3;37,85;"Shrubland";"Invertivore";NA;"LC";NA;NA;NA;NA;1,1111;3617,5781;0,3401;0,2961;0,339;0,596;29,1111;3636,9857;0,0556;0,3625;-0,049157722156299;0,844226315304937;0,184563441004491;0,880097639639896
"89";"Oenanthe oenanthe";1,230768005;21,457;213;32,1;25,39;3;56,46;"Grassland";"Invertivore";NA;"LC";0,153588827058353;-0,175229211097692;0,267609530528888;0,190856377248825;1,4444;3986,0352;0,3677;0,3217;0,3355;0,5432;32,4444;4088,1311;0,0552;0,3992;0,503492402213943;0,491452980153522;-0,452834226920272;0,809474392294714
"90";"Oriolus oriolus";2,063800657;55,767;663;38,5;79;3;50,16;"Woodland";"Omnivore";NA;"LC";-0,0176361681767636;-0,110277506225358;0,005782894707938;-0,0191893998434102;1;2054,8828;0,395;0,2604;0,3508;0,3899;29,4286;2085,8639;0,0517;0,3377;-1,62849289878333;-0,0350888540301985;1,69680656461733;0,146509014707938
"91";"Parus major";2,28157875;63,478;4856;18,7;16,25;1;44,04;"Woodland";"Invertivore";NA;"LC";0,000799699778819878;0,00823638881962884;0,00165952107089486;0,000904027510846784;3,4;4099,9219;0,3953;0,3261;0,3858;0,471;22,4;4165,7484;0,06;0,344;0,351282894304335;-1,08410539524323;-0,525243903964581;-0,737290556072303
"92";"Passer domesticus";1,382057681;63,478;1401;27,3;26,51;1;46,32;"Human Modified";"Granivore";NA;"LC";0,128870133996095;0,100160931194655;0,199988339541229;0,178893290055601;0;3755,3906;0,2369;0,269;0,228;0,5794;37,6;3715,4578;0,0633;0,0821;-2,05867133960275;4,48275239282038;2,19482178140785;3,5755553457913
"93";"Passer montanus";1,656888422;60,371;1705;24,6;21,39;1;46,61;"Woodland";"Granivore";NA;"LC";0,161501984619221;0,103855878796484;0,238833446598792;0,254557766521882;3;3703,7109;0,3843;0,3391;0,3682;0,6332;36,3333;3122,4258;0,0614;0,1936;0,325000337298918;0,00486359746051285;-0,433846875646295;0,802711276010438
"94";"Periparus ater";1,261420882;48,099;1452;21,9;9,2;1;52,81;"Forest";"Invertivore";NA;"LC";-0,370714630583861;-0,385158746439855;-0,719109385252355;-0,5730607114351;3,1;5137,8223;0,3862;0,276;0,3524;0,5661;20,9;5191,3422;0,0574;0,3895;1,19853236942011;0,467022491381106;-1,12086660234763;0,375619201658653
"95";"Petronia petronia";0,994974437;14,649;134;33,4;30,2;1;42,34;"Rock";"Granivore";NA;"LC";-0,115857386171467;-0,456694277424516;-0,303779855212084;-0,284198621255685;0;3488,3789;0,3105;0,3125;0,3045;0,5664;32,1429;3518,6456;0,0639;0,1277;-1,21355552335273;1,80432911185859;1,1392099529887;1,61968383385544
"96";"Phoenicurus ochruros";1,66858821;63,03;553;23,1;16,5;2;42,46;"Rock";"Invertivore";NA;"LC";0,0670486755384601;0,0365909745593029;0,0812767159816401;0,0710674366065403;4,6667;4507,6172;0,4016;0,3097;0,3642;0,5728;24,3333;4524,9062;0,0493;0,3233;1,21070883218066;-0,21857486176966;-1,2439784083289;-0,262426983811974
"97";"Phoenicurus phoenicurus";1,922651583;54,142;790;25,8;14,59;3;53,91;"Woodland";"Invertivore";NA;"LC";-0,0786687111126213;-0,0937663339396547;-0,166231827539346;-0,122411975828294;2,2;3953,4961;0,388;0,3291;0,3592;0,5297;27,6;4054,5891;0,0535;0,3773;0,630878021841248;-0,357971649464442;-0,675107681949864;-0,0886135775130444
"98";"Phylloscopus bonelli";1,695114602;49,23;366;23,1;8,69;3;42,2;"Forest";"Invertivore";NA;"LC";-0,248954111793304;-0,230727358840318;-0,470587078004323;-0,370412846050588;1;4694,2383;0,261;0,2945;0,2352;0,6762;23,1667;4194,2305;0,0319;0,4092;0,285293681279686;3,15735867646401;0,0856666654635113;1,31255399715112
"99";"Phylloscopus collybita";2,160233994;62,616;3348;18,4;8,3;3;53,49;"Forest";"Invertivore";NA;"LC";-0,0142574099281284;-0,0238046067799652;-0,0115110317247397;-0,0171418456488831;3,6;4177,4414;0,3945;0,3284;0,368;0,6082;22,8;4080,6289;0,0516;0,254;0,861254196439592;-0,45352283118674;-0,974100356829375;-0,482278345794873
"100";"Phylloscopus sibilatrix";1,015193483;45,449;614;30,9;9,2;3;54,15;"Forest";"Invertivore";NA;"LC";-0,412828323024413;-0,360995072758277;-0,644795011750375;-0,574051683222179;4;4877,2705;0,3867;0,329;0,362;0,611;22,75;4404,2236;0,046;0,4276;1,64580146962124;-0,406540640183629;-1,61041212915644;-0,506039910576176
"101";"Phylloscopus trochilus";1,879700195;42,816;2660;25,9;8,7;3;60,53;"Forest";"Invertivore";NA;"LC";-0,0638587001808559;-0,0643579303555226;-0,0677442738366538;-0,0669357754521902;3;3775,4883;0,3984;0,3186;0,3793;0,6097;21,3333;3086,6927;0,0536;0,4705;0,771458714206743;-1,1121402396671;-0,688376893800181;-0,6346954358327
"102";"Pica pica";1,88383315;62,523;576;22,9;217,48;1;48,8;"Human Modified";"Omnivore";NA;"LC";0,137955136852552;0,108856734096505;0,199552148696717;0,174806521239024;0,6;2394,4922;0,2935;0,2297;0,3012;0,5351;29,6;2614,7711;0,0557;0,3109;-2,02884531819696;2,28977474647967;2,33856898367529;1,79896435572361
"103";"Picus canus";1,133304368;62,523;363;25,8;137;1;51,73;"Forest";"Invertivore";NA;"LC";-0,595902213753563;-0,457111229733774;-0,951209720202237;-0,820717519101217;2,5;1902,0996;0,3415;0,2588;0,3132;0,4354;27,1667;1639,6348;0,0544;0,4259;-2,13650376250142;0,647214144279459;2,35787051456181;0,673379178860328
"104";"Picus viridis";2,23902352;63,478;461;24,7;176;1;50,06;"Forest";"Invertivore";NA;"LC";-0,0156771003432998;-0,0313010388258858;-0,0119095165500484;-0,0271915631175486;2,75;2077,9541;0,3584;0,3162;0,3484;0,3404;23,25;2092,6709;0,0563;0,3786;-2,010532437097;-0,913051487865625;1,90051572506764;-0,797420193226294
"105";"Poecile montanus";1,437893394;50,691;755;17,7;11,1;1;56,04;"Forest";"Invertivore";NA;"LC";-0,421020794135642;-0,452506941647508;-0,642746790692312;-0,561258565465593;1,1429;4881,8848;0,3774;0,3309;0,3579;0,5724;25,7143;4776,7285;0,0552;0,3334;1,12652783980544;0,0515775735381122;-1,19953082289605;0,0788137626127561
"106";"Poecile palustris";1,679893302;59,472;793;17,9;11,14;1;49,29;"Forest";"Invertivore";NA;"LC";-0,205609271297082;-0,225776982129875;-0,355505684027012;-0,307193722415298;1,4828;4395,7435;0,3894;0,3405;0,3814;0,5845;26,5862;4390,3553;0,0527;0,3569;1,22079697203048;-0,630558880765916;-1,29939112735139;-0,381927242555197
"107";"Prunella collaris";0,957885282;4,915;71;28;38,61;2;43,61;"Grassland";"Invertivore";NA;"LC";NA;NA;NA;NA;5,3333;3445,3125;0,3884;0,3776;0,3851;0,6133;11,6667;3581,112;0,0549;0,3737;0,654057617463746;-2,22189673595793;-0,861500558660571;-2,03101593344356
"108";"Prunella modularis";2,20299898;58,249;1126;21,2;20,24;1;56,25;"Forest";"Invertivore";NA;"LC";0,0298731750093175;0,0237279831351838;0,0413426147958816;0,0307329399557306;3,1667;4959,8144;0,3546;0,3372;0,3631;0,6218;14,5;5268,5684;0,0515;0,4459;1,53273130313048;-0,507757226935295;-1,54460700915933;-0,892057260410514
"109";"Ptyonoprogne rupestris";1,590532584;18,824;76;56;20,4;2;37,85;"Rock";"Invertivore";NA;"LC";-0,378898698513451;-0,335084713427252;-0,817714570275732;-0,602434613352404;0,3043;3613,8332;0,2728;0,2163;0,2734;0,5658;33,1304;3444,1591;0,0599;0,1107;-1,9420686261954;3,85213976917457;2,17216096649266;2,93782634415961
"110";"Pyrrhocorax graculus";1,072754227;4,553;86;36,7;211;2;38,96;"Rock";"Invertivore";NA;"LC";NA;NA;NA;NA;0,6667;3120,8789;0,339;0,3122;0,3192;0,5244;28,5333;3045,0307;0,0612;0,1602;-1,32327403610599;0,944664602313538;1,21705738891277;0,840473649330738
"111";"Pyrrhocorax pyrrhocorax";0,189326279;4,215;178;39;276,68;2;40,2;"Rock";"Invertivore";NA;"LC";-0,803784793055;-1,24657492932307;-1,7953324153121;-1,32773530265052;1;2251,7578;0,2561;0,3056;0,301;0,6011;29,8571;2329,5195;0,0626;0,1976;-2,2877262277741;1,80691638437241;2,35919792299303;1,47980217934299
"112";"Pyrrhula pyrrhula";1,6906038;60,105;860;24,9;24,26;1;56,29;"Forest";"Omnivore";NA;"LC";-0,328506839780856;-0,257991050138274;-0,486864549024322;-0,449187831776558;26;2282,5195;0,3997;0,2647;0,3418;0,517;17;2046,0547;0,0554;0,3494;-0,690076518519636;-1,29018108557459;0,742030664259129;-0,82011582053415
"113";"Regulus ignicapilla";1,608327984;40,92;563;22;5,6;3;46,92;"Forest";"Invertivore";NA;"LC";-0,220787446382448;-0,183736988466881;-0,355693749107197;-0,304344307115378;2,25;7536,6211;0,3595;0,2918;0,3283;0,4492;16;7526,7881;0,0555;0,4648;2,23745374179403;1,07909512602119;-2,26546714230413;0,190454900484412
"114";"Regulus regulus";1,279645914;54,54;989;22;5,54;3;51,77;"Forest";"Invertivore";NA;"LC";-0,196804707086486;-0,132435227000921;-0,341004291674787;-0,280696287136772;3;6158,4961;0,3738;0,3217;0,3494;0,6119;23;6150,2679;0,0512;0,4218;2,4056418705631;0,477098040663942;-2,38226783659403;0,194218238617235
"115";"Riparia riparia";1,513512337;33,314;187;53;12,68;3;54,72;"Riverine";"Invertivore";NA;"LC";0,272728594422377;0,128206016726757;0,404869454353346;0,28874711858973;5,6667;4364,0625;0,3602;0,3237;0,3476;0,6605;17;4418,0846;0,0589;0,406;0,978699700491217;-0,250205699581021;-0,939850240483111;-0,182696885068579
"116";"Saxicola rubetra";1,461101886;60,311;320;26,7;16,6;3;55,53;"Shrubland";"Invertivore";NA;"LC";0,0600397387237335;-0,244602050311531;-0,00600184781345284;0,0170964510092513;1,4286;3777,5391;0,3644;0,2992;0,3387;0,6097;29,9286;3525,8647;0,0526;0,3274;0,258214587385713;0,738845112206618;-0,14942291372389;0,800755665780909
"117";"Saxicola torquatus";1,832012532;62,664;NA;20,8;14,09;2;42,7;"Shrubland";"Invertivore";NA;"LC";0,0833058496668717;-0,136286491135374;0,0890098758088544;0,0594805966495128;1;4328,1738;0,3841;0,3346;0,3418;0,6055;28;4405,0625;0,0522;0,5106;1,41373087074941;-0,0354274797178609;-1,29616258848888;0,350810809546606
"118";"Serinus serinus";1,775879738;63,277;618;29,3;11,2;2;45,07;"Forest";"Granivore";NA;"LC";0,0263409188514836;0,0820597912477803;0,00617995099151348;0,0434033242185178;3;6790,1367;0,3387;0,3393;0,3166;0,7094;37,3333;6807,4258;0,0433;0,4294;3,38615503286834;2,03592760422924;-3,22145312397377;1,67430509456086
"119";"Sitta europaea";1,798180193;62,15;1111;23,8;20,37;1;52,64;"Forest";"Invertivore";NA;"LC";-0,114044173036205;-0,127157492895173;-0,184943258195417;-0,163877122267206;2,6364;3159,5082;0,3721;0,2857;0,3685;0,4365;18,8182;3191,2173;0,0509;0,3551;-0,776084594693845;-0,602913375428055;0,74769886199679;-0,909095122477245
"120";"Spinus spinus";1,626080998;6,719;636;36,5;13,24;1;55,86;"Forest";"Granivore";NA;"LC";-0,229201163584473;-0,191330142590804;-0,329118253473198;-0,294061322636256;5,2;4151,6016;0,3586;0,3369;0,3422;0,6022;31;4173,7617;0,049;0,3979;1,04399216821087;0,215114777849014;-0,99507765421932;0,344033877004237
"121";"Streptopelia decaocto";1,698811242;59,848;486;35,4;148,96;1;40,2;"Human Modified";"Omnivore";NA;"LC";0,119732392390922;0,0775802652075012;0,215183370449356;0,18180741688943;21;516,7969;0,2967;0,4072;0,4159;0,2309;1;513,7305;0,0482;0,335;-3,3974405658397;-4,85520572528126;2,81676801707714;-5,37518288859504
"122";"Streptopelia turtur";2,155016814;61,508;209;43,5;132;3;45,44;"Woodland";"Granivore";NA;"VU";-0,00400539417008206;-0,139258247175991;0,0366397450409891;-0,0063149538484762;2,7;551,25;0,268;0,362;0,3719;0,224;1,9;544,777;0,0566;0,3682;-4,53582892888449;-2,75299365350342;4,16924979525091;-3,60963686098569
"123";"Sturnus unicolor";NA;NA;175;35,9;83,66;1;38,59;"Forest";"Omnivore";NA;"LC";NA;NA;NA;NA;1,6875;3593,3533;0,3393;0,3293;0,3382;0,5218;31,5625;3449,9961;0,0535;0,3011;-0,333017786938263;0,484905362419478;0,293247386110654;0,461561791365141
"124";"Sturnus vulgaris";1,944873817;62,953;830;38,4;77,14;2;50,32;"Human Modified";"Omnivore";NA;"LC";0,0708940337418059;0,0626208292787113;0,127291386711654;0,109968848485209;5,5455;3782,0135;0,3581;0,3105;0,3414;0,6325;28;3778,8501;0,0556;0,3672;0,529041686344133;0,368995581461337;-0,429443266252679;0,618463434828899
"125";"Sylvia atricapilla";2,276896406;63,466;2483;27;16,7;3;51,6;"Woodland";"Omnivore";NA;"LC";0,000268692211974801;0,00278853479162296;0,00221867740640255;0,000277204026924382;6;3229,9805;0,4088;0,3573;0,3899;0,5755;28;3262,9584;0,0552;0,3578;0,708876788220615;-1,59592598663861;-0,838629253291592;-0,764183268528633
"126";"Sylvia borin";2,025766407;60,762;841;30;18,2;3;54,65;"Woodland";"Omnivore";NA;"LC";-0,024807783951241;-0,118297629396125;-0,0298932820278629;-0,0585928668359899;5,5;3176,1474;0,3814;0,3472;0,3739;0,6104;25,5;3128,2647;0,0547;0,414;0,520845344555755;-1,16701017507064;-0,533173790074012;-0,551201764541882
"127";"Tachymarptis melba";0,773646681;11,722;76;72,5;100,38;3;21,34;"Rock";"Invertivore";NA;"LC";-0,226873104906139;-0,0598533551967597;-0,365444341087763;-0,314013216234333;7,75;3832,9102;0,3269;0,3368;0,3343;0,5535;29,25;3933,5098;0,0432;0,4141;0,526239478196436;0,23824294488403;-0,472876730054672;-0,067071026963556
"128";"Tetrax tetrax";0,721403109;3,809;38;40,8;833,45;2;48,84;"Grassland";"Omnivore";NA;"NT";0,181900685002309;0,288597790705041;0,435437523555566;0,367865893474978;0;3692,9443;0,2801;0,2787;0,3001;0,7223;16;4120,292;0,0556;0,2224;-0,622410976108967;2,04746041319721;0,784936028164951;0,940878847670831
"129";"Troglodytes troglodytes";2,156947979;63,48;2130;15,7;9,74;3;46,78;"Forest";"Invertivore";NA;"LC";-0,00388244866947878;-0,0196197714017451;-0,00630177066466689;-0,00913630162063816;4,5;4705,0049;0,4201;0,3398;0,4037;0,6109;16;4907,5205;0,046;0,3869;2,0429922624832;-1,64550304649645;-2,15725739469491;-1,7023073705232
"130";"Turdus iliacus";NA;NA;800;32,3;61,2;3;61,67;"Forest";"Invertivore";NA;"NT";-0,115587842113379;-0,198099849534818;-0,249277371510839;-0,254711287966236;9;4715,7715;0,377;0,2678;0,3087;0,6289;31;5036,7031;0,053;0,343;1,3105353580576;1,63404615618135;-1,11241982155078;1,64469983547869
"131";"Turdus merula";2,274035329;63,478;3610;23,1;102,73;1;49,18;"Forest";"Omnivore";NA;"LC";-0,00258509885309482;-0,0041038410229907;-0,00255910212333173;-0,00423496137253745;3,25;2411,7188;0,3754;0,321;0,3594;0,549;28;2129,2207;0,0618;0,431;-0,702030295984868;-0,786194579819884;0,763502210040631;0,109277585565942
"132";"Turdus philomelos";2,172802593;60,89514;2371;30,7;67,74;3;55,86;"Forest";"Invertivore";NA;"LC";-0,0303176468081032;-0,0653352383550112;-0,0412208637462146;-0,0457204211162849;1,8462;2941,7668;0,4175;0,2827;0,3558;0,4895;24,2308;3025,3717;0,065;0,3478;-0,60053818542027;-0,456246122452075;0,600318580463498;0,260261211951881
"133";"Turdus pilaris";1,608859145;19,3671;723;33,3;106;3;58,85;"Forest";"Invertivore";NA;"LC";-0,0607143995209288;-0,294998921435592;-0,163128719830798;-0,142092483975537;3,2;3591,7383;0,3939;0,3564;0,3532;0,6945;29;3929,7766;0,0546;0,3676;1,28706514566696;-0,435250586340567;-1,2826047592055;0,211476423182339
"134";"Turdus torquatus";0,693212917;8,802;280;31,6;109;3;52,28;"Shrubland";"Omnivore";NA;"LC";-0,261341850896958;-0,419305029704886;-0,496271794716329;-0,488519418444473;1;3587,97;0,358;0,3163;0,3359;0,6152;32,8125;3326,376;0,0571;0,3331;0,106214399890433;0,689263241172023;-0,0221752244284293;1,05902286129974
"135";"Turdus viscivorus";2,015779992;61,089;616;35,1;117,37;1;51,99;"Forest";"Omnivore";NA;"LC";-0,107640808145238;-0,198289873897866;-0,182005470811764;-0,173263752793947;1,2;2523,6914;0,3533;0,2786;0,3478;0,4366;25,6;2466,9453;0,0679;0,4551;-1,58887430862156;-0,102908674396397;1,6945265161526;0,529631276920936
"136";"Upupa epops";2,057843698;56,967;326;21,4;66,93;3;29,41;"Grassland";"Invertivore";NA;"LC";0,053888140892255;-0,133943534364723;0,120497573695051;0,0787572661546071;0,8571;572,168;0,3271;0,3751;0,391;0,1374;2,2857;577,673;0,0647;0,1843;-4,84655094865242;-3,45518467113306;4,17753717654191;-3,94549801283138
